1039284756,横田 麻美,090-1234-567X,2024/03/01,ピュアホープ シャンプー,7,"6900007","島根県","松江市","御手船場町",1-1-1
1039482576,坂本 貴子,080-2345-678X,2024/02/12,グリーンティエッセンス,3,"4640831","愛知県","名古屋市千種区","観月町",2-3-5
1039482577,片山 龍,070-3456-789X,2024/03/24,クリスタルウォーター ボトル,8,"2720145","千葉県","市川市","島尻",3-5-7
1049382576,藤井 大輔,090-4567-890X,2024/02/25,サンシャインコーヒー,5,"4860969","愛知県","春日井市","味美白山町",4-7-9
1203948576,土屋 久美,080-5678-901X,2024/02/09,エターナルグロー クリーム,1,"4640086","愛知県","名古屋市千種区","萱場",5-9-11
1209384756,岡田 陽一,070-6789-012X,2024/02/04,ブルームガーデン フレグランス,10,"2200054","神奈川県","横浜市西区","境之谷",6-11-13
1209483756,石原 翔,090-7890-123X,2024/03/20,ハッピーデイ クッキー,6,"2630033","千葉県","千葉市稲毛区","稲丘町",7-13-15
1234567890,鈴木 花子,080-8901-234X,2024/01/02,ネイチャースピリット サプリメント,2,"0380021","青森県","青森市","安田",8-15-17
1238904567,佐々木 俊介,070-9012-345X,2024/01/13,スイートドリームズ ピロー,9,"0383114","青森県","つがる市","木造成田",9-17-19
1239485760,渡邊 拓,090-0123-456X,2024/03/14,ウェルネスバランス ティー,4,"8500022","長崎県","長崎市","馬町",10-19-21
1293847506,小泉 祐介,080-1234-567X,2024/03/31,スカイハイ テクノロジー,6,"2940027","千葉県","館山市","西長田",11-21-23
1738492056,野口 勇,070-2345-678X,2024/03/06,ミラクルスプラウト シード,8,"8528106","長崎県","長崎市","岩川町",12-23-25
1839204756,谷口 誠,090-3456-789X,2024/02/27,ビューティーラディアンス セラム,3,"6900831","島根県","松江市","大海崎町",13-25-27
1938475026,青木 絵里,080-4567-890X,2024/01/28,ライトニングクイック 充電器,5,"2300053","神奈川県","横浜市鶴見区","大黒町",14-27-29
1938475620,長谷川 直樹,070-5678-901X,2024/04/04,シルキータッチ ローション,7,"2940303","千葉県","館山市","浜田",15-29-31
2039481756,堀江 直人,090-6789-012X,2024/02/02,グローバルトラベラー バックパック,2,"2200061","神奈川県","横浜市西区","久保町",16-31-33
2039481757,坂井 美香,080-7890-123X,2024/03/29,エコライフ ボトル,10,"2720121","千葉県","市川市","末広",17-33-35
2039481758,田代 誠,070-8901-234X,2024/04/06,ウルトラクリア アイウェア,4,"2702265","千葉県","松戸市","常盤平陣屋前",18-35-37
2049381759,三宅 卓,090-9012-345X,2024/03/12,ピースフルモーメントズ キャンドル,9,"8500874","長崎県","長崎市","魚の町",19-37-39
2093846571,野村 健司,080-0123-456X,2024/01/23,ジェントルブリーズ ファン,1,"9608201","福島県","福島市","岡島",20-39-41
2093847561,中田 祐介,070-1234-567X,2024/03/04,サマーサンシャイン ランプ,6,"6900825","島根県","松江市","学園",21-41-43
2183740596,佐野 健,090-2345-678X,2024/02/29,フレッシュブリーズ 加湿器,7,"6900872","島根県","松江市","奥谷町",22-43-45
2304985716,小林 信一,080-3456-789X,2024/01/09,プレシャスジュエル リング,3,"0340303","青森県","十和田市","法量",23-45-47
2387491056,川崎 太郎,070-4567-890X,2024/04/02,ヘルシーライフ プロテイン,8,"2940307","千葉県","館山市","波左間",24-47-49
2398170456,宮田 一樹,090-5678-901X,2024/03/18,ネイチャーワンダー ハーブ,5,"2600823","千葉県","千葉市中央区","塩田町",25-49-51
2475980136,森 慎一,080-6789-012X,2024/03/22,マジカルメロディー スピーカー,10,"2630032","千葉県","千葉市稲毛区","稲毛台町",26-51-53
2918374056,中嶋 真理,070-7890-123X,2024/04/09,レインボースマイル 歯磨き粉,4,"2702264","千葉県","松戸市","常盤平松葉町",27-53-55
3029481756,及川 尚,090-8901-234X,2024/03/08,エレガントグレース ワイン,1,"8528017","長崎県","長崎市","岩見町",28-55-57
3120984756,近藤 美咲,080-9012-345X,2024/02/22,デイリーブリス ヨーグルト,9,"4860857","愛知県","春日井市","浅山町",29-57-59
3141592653,山本 健太,070-0123-456X,2024/01/07,ピュアシルク マスク,2,"0368097","青森県","弘前市","稲田",30-59-61
3409281765,竹内 佳奈,090-1234-567X,2024/01/26,シャイニースター ネックレス,7,"2300027","神奈川県","横浜市鶴見区","菅沢町",31-61-63
3456789012,井上 恵美,080-2345-678X,2024/01/16,リラクシングモーメント ハーブティー,6,"9600251","福島県","福島市","大笹生",32-63-65
3498172056,渡邉 優子,070-3456-789X,2024/03/03,グッドナイト まくら,3,"6900848","島根県","松江市","苧町",33-65-67
3658271904,西村 友樹,090-4567-890X,2024/02/19,エナジーブースト ドリンク,8,"4750931","愛知県","半田市","新宮町",34-67-69
3721094856,大野 俊,080-5678-901X,2024/02/13,ウェルビーイング マット,10,"4640077","愛知県","名古屋市千種区","神田町",35-69-71
3819204756,長田 健太,070-6789-012X,2024/03/16,トロピカルパラダイス ソープ,5,"9070002","沖縄県","石垣市","真栄里",36-71-73
3918274506,田村 智,090-7890-123X,2024/03/10,プレシャスモーメント フォトフレーム,1,"8500923","長崎県","長崎市","上田町",37-73-75
3928475610,伊藤 美穂,080-8901-234X,2024/03/27,ヘブンリーブロッサム ハンドクリーム,9,"2720113","千葉県","市川市","下妙典",38-75-77
3948175206,川上 慎,070-9012-345X,2024/02/08,グリーングロウ ライト,4,"4640021","愛知県","名古屋市千種区","鹿子殿",39-77-79
4352619870,林 千佳,090-0123-456X,2024/01/18,ピュアサウンド イヤホン,2,"9600811","福島県","福島市","大波",40-79-81
4567890123,松田 美咲,080-1234-567X,2024/04/07,ブリスフルバランス サプリ,6,"2702266","千葉県","松戸市","常盤平西窪町",41-81-83
4568297310,永井 香,070-2345-678X,2024/02/11,ドリームランド 布団,3,"4640826","愛知県","名古屋市千種区","川崎町",42-83-85
4587261930,内田 千佳,090-3456-789X,2024/03/15,エコフレッシュ フィルター,8,"9070451","沖縄県","石垣市","桴海",43-85-87
4629873015,橋本 翔,080-4567-890X,2024/01/29,ラディアントスキン 美容液,7,"2300054","神奈川県","横浜市鶴見区","大黒ふ頭",44-87-89
4658291037,高橋 美咲,070-5678-901X,2024/01/04,ヴィヴィッドカラーペン,10,"0368134","青森県","弘前市","一野渡",45-89-91
4719205836,竹山 翔,090-6789-012X,2024/03/26,ジョイフルジャーニー スーツケース,1,"2720102","千葉県","市川市","下新宿",46-91-93
4759201386,前田 裕子,080-7890-123X,2024/02/20,グッドヴァイブレーション スピーカー,5,"4860929","愛知県","春日井市","旭町",47-93-95
4782901365,石川 美奈,070-8901-234X,2024/02/16,クールブリーズ クーラー,9,"4750922","愛知県","半田市","昭和町",48-95-97
4812937506,早坂 美奈,090-9012-345X,2024/04/05,プレシャスドリーム ベッド,4,"2702261","千葉県","松戸市","常盤平",49-97-99
4891023675,熊谷 直樹,080-0123-456X,2024/02/06,シルバーレイン 傘,2,"2200071","神奈川県","横浜市西区","浅間台",50-99-101
5293481760,藤田 翔太,070-1234-567X,2024/02/17,スプレンディッドサン オイル,8,"4750078","愛知県","半田市","新池町",51-101-103
5362819470,松田 大樹,090-2345-678X,2024/01/25,ハピネスブレンド コーヒー,6,"9608034","福島県","福島市","置賜町",52-103-105
5612938470,増田 舞,080-3456-789X,2024/02/14,リフレッシュミスト,7,"4640836","愛知県","名古屋市千種区","菊坂町",53-105-107
5678092345,上田 美咲,070-4567-890X,2024/03/19,セレニティ スパセット,3,"2600034","千葉県","千葉市中央区","汐見丘町",54-107-109
5678094321,山口 彩,090-5678-901X,2024/01/14,メルティングハート チョコレート,10,"9608101","福島県","福島市","上町",55-109-111
5678291403,杉本 奈々,080-6789-012X,2024/03/25,ヘルシーグロー ヨーグルト,4,"2720821","千葉県","市川市","下貝塚",56-111-113
5678901234,小島 啓,070-7890-123X,2024/03/02,シンプリーエレガント 時計,1,"6900266","島根県","松江市","魚瀬町",57-113-115
5712946830,村田 和樹,090-8901-234X,2024/02/23,カームクラウド クッション,9,"4860965","愛知県","春日井市","味美上ノ町",58-115-117
5728304916,岩田 奈々,080-9012-345X,2024/02/26,ブルームエッセンス シャンプー,2,"6900033","島根県","松江市","大庭町",59-117-119
5728304917,今井 美和,070-0123-456X,2024/03/09,マジックモーメント ジェル,5,"8528052","長崎県","長崎市","岩屋町",60-119-121
5748290136,石井 沙織,090-1234-567X,2024/01/22,ゴールデンハーモニー ハチミツ,7,"9608237","福島県","福島市","大森（２－２）",61-121-123
5748291036,駒田 悠介,080-2345-678X,2024/03/30,リフレクティブライズ サングラス,3,"2720824","千葉県","市川市","菅野",62-123-125
6128903754,松井 夏美,070-3456-789X,2024/02/07,ピュアジョイ キャンディー,8,"2200072","神奈川県","横浜市西区","浅間町",63-125-127
6458291037,早川 舞,090-4567-890X,2024/03/07,ブリリアントブレイズ キャンドル,6,"8500072","長崎県","長崎市","岩瀬道町",64-127-129
6472819503,杉山 友美,080-5678-901X,2024/02/01,リラックスモーメント アロマ,10,"2300063","神奈川県","横浜市鶴見区","鶴見",65-129-131
6472938105,本田 彩,070-6789-012X,2024/02/28,スパークリングスター ワイン,4,"6900262","島根県","松江市","岡本町",66-131-133
6573829146,吉田 直樹,090-7890-123X,2024/01/11,デイリーデライト クッキー,1,"0383275","青森県","つがる市","木造永田",67-133-135
6574893012,福島 奈緒,080-8901-234X,2024/03/17,ヘブンリーハーブ サプリ,9,"9070012","沖縄県","石垣市","美崎町",68-135-137
6578204913,堀部 奈々,070-9012-345X,2024/04/03,ネイチャーズベスト フルーツ,2,"2940022","千葉県","館山市","畑",69-137-139
6789102345,清水 健,090-0123-456X,2024/01/19,フローラルファンタジー フレグランス,5,"9608014","福島県","福島市","大平山",70-139-141
6875901234,嶋田 彩香,080-1234-567X,2024/03/11,グリーンスプリング ソープ,3,"8528113","長崎県","長崎市","上野町",71-141-143
6879012345,本郷 裕子,070-2345-678X,2024/04/01,トロピカルツイスト ジュース,6,"2940034","千葉県","館山市","沼",72-143-145
6892134750,三浦 仁,090-3456-789X,2024/02/21,エレガントチャーム ネックレス,8,"4860846","愛知県","春日井市","朝宮町",73-145-147
7462013895,加藤 真理,080-4567-890X,2024/01/10,リフレッシュブリーズ ミント,10,"0340037","青森県","十和田市","穂並町",74-147-149
7563820491,長谷川 美穂,070-5678-901X,2024/02/05,ピュアモーニング ティー,7,"2200021","神奈川県","横浜市西区","桜木町（４～７丁目）",75-149-151
7563829140,伊藤 大輔,090-6789-012X,2024/01/05,ブライトナイト ランプ,4,"0368201","青森県","弘前市","一番町",76-151-153
7583920146,池田 優子,080-7890-123X,2024/01/30,ハーモニックサウンド イヤホン,1,"2300032","神奈川県","横浜市鶴見区","大東町",77-153-155
7584913206,松浦 恵美,070-8901-234X,2024/03/05,エコエナジー バッテリー,9,"8500065","長崎県","長崎市","入船町",78-155-157
7598203416,小山 由美,090-9012-345X,2024/03/13,ジョイフルブレンド コーヒー,2,"8510135","長崎県","長崎市","現川町",79-157-159
7849302156,笹川 昇,080-0123-456X,2024/04/08,リラクシングリズム ミュージック,5,"2702262","千葉県","松戸市","常盤平双葉町",80-159-161
7890123456,斎藤 亮,070-1234-567X,2024/01/27,スパークリンググロー セラム,3,"2300014","神奈川県","横浜市鶴見区","諏訪坂",81-161-163
7896054312,木下 慶,090-2345-678X,2024/02/10,ディライトフルデイ ノート,8,"4640806","愛知県","名古屋市千種区","唐山町",82-163-165
7896541230,松本 敦,080-3456-789X,2024/01/15,エターナルブリス 香水,10,"9608222","福島県","福島市","蝦貫",83-165-167
8274653910,渡辺 裕子,070-4567-890X,2024/01/06,フレッシュアウェイク シャンプー,6,"0361325","青森県","弘前市","一町田",84-167-169
8293047561,渡部 奈々,090-5678-901X,2024/01/20,ブリリアントビジョン サングラス,7,"9608041","福島県","福島市","大町",85-169-171
8312740956,小川 奈美,080-6789-012X,2024/02/18,ピースフルプレイス ピロー,4,"4750886","愛知県","半田市","新川町",86-171-173
8312947506,高木 恵子,070-7890-123X,2024/03/21,ネイチャースプレンダー クリーム,9,"2630034","千葉県","千葉市稲毛区","稲毛",87-173-175
8493027165,加納 健,090-8901-234X,2024/03/28,グロウウィズグレース ローション,1,"2720035","千葉県","市川市","新田",88-175-177
8572913046,横山 真由美,080-9012-345X,2024/02/03,ハーモニアスハーヴェスト ハーブ,2,"2200043","神奈川県","横浜市西区","御所山町",89-177-179
8692431570,中村 明美,070-0123-456X,2024/01/08,エレガントフロウ カーテン,5,"0368073","青森県","弘前市","岩賀",90-179-181
8927615430,福田 美和,090-1234-567X,2024/01/24,ブライトビギニング ジャーナル,3,"9608204","福島県","福島市","岡部",91-181-183
9018273456,木村 龍,080-2345-678X,2024/01/17,フローラルブリス フレグランス,8,"9608068","福島県","福島市","太田町",92-183-185
9038472615,山田 由美,070-3456-789X,2024/01/12,フレッシュスタート ジュース,10,"0383163","青森県","つがる市","木造中館",93-185-187
9081726354,佐藤 次郎,090-4567-890X,2024/01/03,スパークルシャイン クリーナー,6,"0368164","青森県","弘前市","泉野",94-187-189
9138274650,森田 武,080-5678-901X,2024/01/21,トロピカルブリーズ ドリンク,7,"9601101","福島県","福島市","大森",95-189-191
9238571046,大谷 恵,070-6789-012X,2024/02/24,シンプルハピネス グッズ,4,"4860967","愛知県","春日井市","味美西本町",96-191-193
9304857216,山下 一郎,090-7890-123X,2024/01/31,エターナルグレース ネックレス,1,"2300061","神奈川県","横浜市鶴見区","佃野町",97-193-195
9304857216,平野 友美,080-8901-234X,2024/03/23,ジョイフルハーモニー 香水,9,"2630035","千葉県","千葉市稲毛区","稲毛町",98-195-197
9837452610,松尾 昇,070-9012-345X,2024/02/15,ピュアブリス ボディローション,2,"4640083","愛知県","名古屋市千種区","北千種",99-197-199
9876543210,田中 太郎,090-0123-456X,2024/01/01,デイリーブリス おやつ,5,"0380021","青森県","青森市","安田",100-199-201
